Workbook

Sheet Fonctions Si
B1: Fonction logique Si
A3: Attribution des mentions (SI imbriqués)
A4: Nom | B4: Note (/20) | C4: Mention
A5: Amina Belkacem | B5: 17 | C5: =IF(B5>=16,"Felicitation",IF(B5>=14,"Bien",IF(B5>=12,"Assez bien",IF(B5>=10,"Passable","Insuffisant")))) -> Felicitation
A6: Karim Haddad | B6: 13 | C6: =IF(B6>=16,"Felicitation",IF(B6>=14,"Bien",IF(B6>=12,"Assez bien",IF(B6>=10,"Passable","Insuffisant")))) -> Assez bien
A7: Sofia Martin | B7: 9 | C7: =IF(B7>=16,"Felicitation",IF(B7>=14,"Bien",IF(B7>=12,"Assez bien",IF(B7>=10,"Passable","Insuffisant")))) -> Insuffisant
A8: Yassine Amrani | B8: 15 | C8: =IF(B8>=16,"Felicitation",IF(B8>=14,"Bien",IF(B8>=12,"Assez bien",IF(B8>=10,"Passable","Insuffisant")))) -> Bien
A9: Nora Cissé | B9: 11 | C9: =IF(B9>=16,"Felicitation",IF(B9>=14,"Bien",IF(B9>=12,"Assez bien",IF(B9>=10,"Passable","Insuffisant")))) -> Passable
A10: Rania Fofana | B10: 19 | C10: =IF(B10>=16,"Felicitation",IF(B10>=14,"Bien",IF(B10>=12,"Assez bien",IF(B10>=10,"Passable","Insuffisant")))) -> Felicitation
A11: Malik Diarra | B11: 8 | C11: =IF(B11>=16,"Felicitation",IF(B11>=14,"Bien",IF(B11>=12,"Assez bien",IF(B11>=10,"Passable","Insuffisant")))) -> Insuffisant
A12: Lina Benali | B12: 14 | C12: =IF(B12>=16,"Felicitation",IF(B12>=14,"Bien",IF(B12>=12,"Assez bien",IF(B12>=10,"Passable","Insuffisant")))) -> Bien
A14: Règle : ≥16 Félicitations · ≥14 Bien · ≥12 Assez Bien · ≥10 Passable · sinon Insuffisant.

Sheet Fonction Et
B1: Fonction logique Et
A3: Attribution d'une prime (ET)
A4: Nom | B4: Ancienneté (ans) | C4: Note évaluation (/20) | D4: Prime accordée | E4: Fonction Si+Et
A5: Julien Roche | B5: 3 | C5: 15 | D5: =AND('Fonction Et'!B5>=2,'Fonction Et'!C5>=15) -> TRUE | E5: =IF(AND(B5>=2,C5>=5),"Prime accordée","Prime non accordée") -> Prime accordée
A6: Camille Dubois | B6: 1 | C6: 18 | D6: =AND('Fonction Et'!B6>=2,'Fonction Et'!C6>=15) -> FALSE | E6: =IF(AND(B6>=2,C6>=5),"Prime accordée","Prime non accordée") -> Prime non accordée
A7: Nassim Kader | B7: 4 | C7: 12 | D7: =AND('Fonction Et'!B7>=2,'Fonction Et'!C7>=15) -> FALSE | E7: =IF(AND(B7>=2,C7>=5),"Prime accordée","Prime non accordée") -> Prime accordée
A8: Elise Fontaine | B8: 5 | C8: 17 | D8: =AND('Fonction Et'!B8>=2,'Fonction Et'!C8>=15) -> TRUE | E8: =IF(AND(B8>=2,C8>=5),"Prime accordée","Prime non accordée") -> Prime accordée
A9: Thomas Weber | B9: 5 | C9: 9 | D9: =AND('Fonction Et'!B9>=2,'Fonction Et'!C9>=15) -> FALSE | E9: =IF(AND(B9>=2,C9>=5),"Prime accordée","Prime non accordée") -> Prime accordée
A10: Règle : la prime est accordée si Ancienneté ≥ 2 ans ET Note évaluation ≥ 14.

Sheet Fonction Ou
B1: Fonction logique Ou
A3: Éligibilité à une formation (OU)
A4: Nom | B4: Ancienneté (ans) | C4: Note évaluation (/20) | D4: Éligible formation | E4: Fonction Si+Ou
A5: Sophie Nguyen | B5: 6 | C5: 10 | D5: =OR(B5>=5,C5>=16) -> TRUE | E5: =IF(OR(B5>=5,C5>=10),"Eligible à la formation","Pas eligible à la formation") -> Eligible à la formation
A6: Adama Traoré | B6: 1 | C6: 17 | D6: =OR(B6>=5,C6>=16) -> TRUE | E6: =IF(OR(B6>=5,C6>=10),"Eligible à la formation","Pas eligible à la formation") -> Eligible à la formation
A7: Paul Girard | B7: 3 | C7: 9 | D7: =OR(B7>=5,C7>=16) -> FALSE | E7: =IF(OR(B7>=5,C7>=10),"Eligible à la formation","Pas eligible à la formation") -> Pas eligible à la formation
A8: Chloé Lambert | B8: 0 | C8: 12 | D8: =OR(B8>=5,C8>=16) -> FALSE | E8: =IF(OR(B8>=5,C8>=10),"Eligible à la formation","Pas eligible à la formation") -> Eligible à la formation
A9: Règle : éligible si Ancienneté ≥ 5 ans OU Note évaluation ≥ 16.

Sheet Si Conditions
B1: Fonction logique Si Conditions
A4: Catégorie de prime (SI.CONDITIONS)
A5: Vendeur | B5: Chiffre d'affaires (€) | C5: Catégorie
A6: Vendeur 1 | B6: 12000 | C6: {=_xlfn.IFS(B6<15000,"Bronze",B6<30000,"Argent",B6<50000,"Or",B6>50000,"Platine")} -> Bronze
A7: Vendeur 2 | B7: 35000 | C7: {=_xlfn.IFS(B7<15000,"Bronze",B7<30000,"Argent",B7<50000,"Or",B7>50000,"Platine")} -> Or
A8: Vendeur 3 | B8: 58000 | C8: {=_xlfn.IFS(B8<15000,"Bronze",B8<30000,"Argent",B8<50000,"Or",B8>50000,"Platine")} -> Platine
A9: Vendeur 4 | B9: 21000 | C9: {=_xlfn.IFS(B9<15000,"Bronze",B9<30000,"Argent",B9<50000,"Or",B9>50000,"Platine")} -> Argent
A10: Règle (avec SI.CONDITIONS) : <15 000 Bronze · <30 000 Argent · <50 000 Or · sinon Platine.

Sheet Fonctions dates
A4: Décomposer une date (JOUR, MOIS, ANNEE)
A5: Événement | B5: Date | C5: Année | D5: Mois | E5: Jour | F5: Date | G5: Maintenant | H5: Aujourd'hui
A6: Lancement produit | B6: 46067 | C6: =YEAR(B6) -> 2026 | D6: =MONTH(B6) -> 2 | E6: =DAY(B6) -> 14 | F6: =DATE(C6,D6,E6) -> 46067 | G6: =NOW() -> 46290.861 | H6: =TODAY() -> 46290
A7: Audit annuel | B7: 46203 | C7: =YEAR(B7) -> 2026 | D7: =MONTH(B7) -> 6 | E7: =DAY(B7) -> 30 | F7: =DATE(C7,D7,E7) -> 46203
A8: Clôture exercice | B8: 46387 | C8: =YEAR(B8) -> 2026 | D8: =MONTH(B8) -> 12 | E8: =DAY(B8) -> 31 | F8: =DATE(C8,D8,E8) -> 46387
